id,path,mimeType,version,driveId
1AoE8Ic7_KyjpDo6raNG_VeT_V1teWrLq,v0.3.0/U0101,application/vnd.google-apps.folder,236,0AETUctoaN1zwUk9PVA
1KcFVXhC8B0SyhVepK4gobiN9DaeasUms,v0.3.0/U0102,application/vnd.google-apps.folder,82,0AETUctoaN1zwUk9PVA
1RR3tjmdLYqIQ8Tc4NYj_r7fpxt1xloxL,v0.3.0/U0103,application/vnd.google-apps.folder,66,0AETUctoaN1zwUk9PVA
1cs7hY1SWmsyNK4EKgUmB4s_0pM5kD_p9,v0.3.0/U0104,application/vnd.google-apps.folder,73,0AETUctoaN1zwUk9PVA
1cy8TW077L9DMy-_44rH_KoGj7fqjD9mP,v0.3.0/U0105,application/vnd.google-apps.folder,55,0AETUctoaN1zwUk9PVA
1I9Y9fgD5mvlt-HH5KxRvOkXx9OMIpwIT,v0.3.0/U0106,application/vnd.google-apps.folder,57,0AETUctoaN1zwUk9PVA
1N-k9ai15qBmS1QsbC-ixfmri1dPnHQtn,v0.3.0/U0107,application/vnd.google-apps.folder,55,0AETUctoaN1zwUk9PVA
12oFiBPG3nGvziB0DqEgmhs3leA9RWiiR,v0.3.0/U0108,application/vnd.google-apps.folder,53,0AETUctoaN1zwUk9PVA
1SaRmFae0V_ExJw3qPYH8t8hW_KJyW8N-,v0.3.0/U0109,application/vnd.google-apps.folder,52,0AETUctoaN1zwUk9PVA
1bvENN46x98lyigO3njQmdNs7H4qloGSX,v0.3.0/U0110,application/vnd.google-apps.folder,49,0AETUctoaN1zwUk9PVA
13j9nabxdqm-fARfq84UFKG93-KCqsN_P,v0.3.0/U0111,application/vnd.google-apps.folder,55,0AETUctoaN1zwUk9PVA
11hPsELRhqFH4Wk7t2_u8i8B-F8C34VEv,v0.3.0/U0201,application/vnd.google-apps.folder,64,0AETUctoaN1zwUk9PVA
11ejvJzU5H9gwE3lnWc_TrLpC2DiMfPWt,v0.3.0/U0202,application/vnd.google-apps.folder,50,0AETUctoaN1zwUk9PVA
10Gd25wUpYmJqIb5BupbpG86ugCm4glef,v0.3.0/U0203,application/vnd.google-apps.folder,53,0AETUctoaN1zwUk9PVA
1CFkbcfDGddhK_D-fSMf4nPDOF255ot_P,v0.3.0/U0204,application/vnd.google-apps.folder,50,0AETUctoaN1zwUk9PVA
1V_Zm8LE3FnwOsEyaEZ7nxVdpQcSsZn9y,v0.3.0/U0205,application/vnd.google-apps.folder,51,0AETUctoaN1zwUk9PVA
1OwRtIlPNx2zCe_sAt7xMwubCKE60b5If,v0.3.0/U0206,application/vnd.google-apps.folder,48,0AETUctoaN1zwUk9PVA
1j4K5OVyv8w5lQEWbAF7h5C4ukc64uuqR,v0.3.0/U0207,application/vnd.google-apps.folder,53,0AETUctoaN1zwUk9PVA
1ZOC_fGlMImpzJ68xDwHKUKsi09hWb9Gv,v0.3.0/U0208,application/vnd.google-apps.folder,49,0AETUctoaN1zwUk9PVA
1gHlrDMs15wQVs0kOqUS79WJyXYHsDi8K,v0.3.0/U0209,application/vnd.google-apps.folder,56,0AETUctoaN1zwUk9PVA
1Q1z5uy5Pst7rSXM9QIvqb1eg9RCeaW-N,v0.3.0/U0210,application/vnd.google-apps.folder,84,0AETUctoaN1zwUk9PVA
1YgP3dAUQrEVMm0jnJ3dF_deE9YnjbeKo,v0.3.0/U0101/kinect,application/vnd.google-apps.folder,168,0AETUctoaN1zwUk9PVA
1InupT42E4zOUqh6sBag96b5QQLfutQXV,v0.3.0/U0101/rs02,application/vnd.google-apps.folder,104,0AETUctoaN1zwUk9PVA
1dtMLC20Dbc403nIxej3cP75IMewrkSVB,v0.3.0/U0102/kinect,application/vnd.google-apps.folder,67,0AETUctoaN1zwUk9PVA
1ebWeE3A2_caD2M6mAXXUoF7LZGMf8S9l,v0.3.0/U0102/rs02,application/vnd.google-apps.folder,56,0AETUctoaN1zwUk9PVA
1FmvSBxaUY7VXJL5UptdyJ0QsksEuQO6o,v0.3.0/U0103/kinect,application/vnd.google-apps.folder,56,0AETUctoaN1zwUk9PVA
17KJPdySXEfnKHLkKTF6HvJf2wLh5j9wG,v0.3.0/U0103/lidar,application/vnd.google-apps.folder,50,0AETUctoaN1zwUk9PVA
1m5qbjGlMgNoi1darYesSLGgSxXXxXGrX,v0.3.0/U0103/rs02,application/vnd.google-apps.folder,52,0AETUctoaN1zwUk9PVA
1NA5vvj3MzAG1vu2o9J0XlIw9IAAeW9AU,v0.3.0/U0104/kinect,application/vnd.google-apps.folder,61,0AETUctoaN1zwUk9PVA
109XzyXjgLlopgmFOn6Bi1ZFnFEOJzcia,v0.3.0/U0104/lidar,application/vnd.google-apps.folder,52,0AETUctoaN1zwUk9PVA
1jfSPjstG2QUPVOyJA03vbHhJYTonE8UX,v0.3.0/U0104/rs02,application/vnd.google-apps.folder,52,0AETUctoaN1zwUk9PVA
1eWPLQ8meu0F2JCSc0_40JdioPKsjqw9B,v0.3.0/U0105/kinect,application/vnd.google-apps.folder,51,0AETUctoaN1zwUk9PVA
1fpf5U5akm0h5S7Pw7CN-VEs7DzmFxTtL,v0.3.0/U0105/lidar,application/vnd.google-apps.folder,47,0AETUctoaN1zwUk9PVA
1Q1_MLAYFPhHuCqxTeYj2gnsk8BEvK4WP,v0.3.0/U0105/rs02,application/vnd.google-apps.folder,46,0AETUctoaN1zwUk9PVA
12ksboNebluFSAFpG3uRwcfbgvrjvTZ32,v0.3.0/U0106/kinect,application/vnd.google-apps.folder,52,0AETUctoaN1zwUk9PVA
1eujZDgVF0sKQtqIpliZ1hqrjOcaGWzbw,v0.3.0/U0106/lidar,application/vnd.google-apps.folder,46,0AETUctoaN1zwUk9PVA
1mZrOZi5EvKkGTvOtw3AmBkMg5Gg8J_Ok,v0.3.0/U0106/rs02,application/vnd.google-apps.folder,46,0AETUctoaN1zwUk9PVA
1uYAKOpTB4kBYCfroBZDULRCt2gjDiUk4,v0.3.0/U0107/kinect,application/vnd.google-apps.folder,49,0AETUctoaN1zwUk9PVA
1hMDXC_-PYLq1l9ZDeEs-gZ1i49NivAvN,v0.3.0/U0107/lidar,application/vnd.google-apps.folder,48,0AETUctoaN1zwUk9PVA
1-3klf40JnnNNWHcZe86fMkkCl4fupX4V,v0.3.0/U0107/rs02,application/vnd.google-apps.folder,48,0AETUctoaN1zwUk9PVA
1q2sZsawb0DUWUN3MhDC5aPWv2TGXZcRq,v0.3.0/U0108/kinect,application/vnd.google-apps.folder,49,0AETUctoaN1zwUk9PVA
1l2JED2S_U9ePW-bNR_tQNKvGbdrzXFiJ,v0.3.0/U0108/lidar,application/vnd.google-apps.folder,46,0AETUctoaN1zwUk9PVA
1-goEDxluyPWAqHK_mKODmHy0pAW8-Gox,v0.3.0/U0108/rs02,application/vnd.google-apps.folder,48,0AETUctoaN1zwUk9PVA
1EyOkHCb5fWrmzbF_KbJIFEOslgCWtxdb,v0.3.0/U0109/kinect,application/vnd.google-apps.folder,49,0AETUctoaN1zwUk9PVA
1POmknmy-ZZwzh7CM8oluyXDKP047a480,v0.3.0/U0109/lidar,application/vnd.google-apps.folder,46,0AETUctoaN1zwUk9PVA
1D0DX3d-OhhbJCJDfjIl15tc9Yn6krbq9,v0.3.0/U0109/rs02,application/vnd.google-apps.folder,46,0AETUctoaN1zwUk9PVA
1jaeBtj5jFz31tzu46hrm0efWlKqIFDe9,v0.3.0/U0110/kinect,application/vnd.google-apps.folder,47,0AETUctoaN1zwUk9PVA
11KSmOXGtFqq9MxLafULAjH9TRBG5_kB6,v0.3.0/U0110/lidar,application/vnd.google-apps.folder,46,0AETUctoaN1zwUk9PVA
1hArsymYTSVWWAPBX1z82vqG1mrQP0qPy,v0.3.0/U0110/rs02,application/vnd.google-apps.folder,46,0AETUctoaN1zwUk9PVA
1QjunrfzKhBR7zx1qEQmianYtcDqm8Mk9,v0.3.0/U0111/kinect,application/vnd.google-apps.folder,50,0AETUctoaN1zwUk9PVA
1TbhBV3kbvQAZHbpMFdIoeyV57QSv-lQI,v0.3.0/U0111/lidar,application/vnd.google-apps.folder,50,0AETUctoaN1zwUk9PVA
1540v9rW7ZurO-TxpmdcNxxtRc-hZ4ieR,v0.3.0/U0111/rs02,application/vnd.google-apps.folder,47,0AETUctoaN1zwUk9PVA
1c2gsG9VbC-tK4rENpQ1g5T8BqGkj-6qL,v0.3.0/U0201/kinect,application/vnd.google-apps.folder,54,0AETUctoaN1zwUk9PVA
1ofjlsRcbmEkyio1-qeVRmisV1FZAb2Jf,v0.3.0/U0201/lidar,application/vnd.google-apps.folder,55,0AETUctoaN1zwUk9PVA
1AWAEoHN8kpvbvHN6-hAf7YOo-Nb-H_Te,v0.3.0/U0201/rs02,application/vnd.google-apps.folder,49,0AETUctoaN1zwUk9PVA
1bkyKdkWiFsZdyhcs9Rmocaq3n3xNps5Y,v0.3.0/U0202/kinect,application/vnd.google-apps.folder,46,0AETUctoaN1zwUk9PVA
1KSE0pvnWFCMTB9XpQbojFS8skavuVO0x,v0.3.0/U0202/lidar,application/vnd.google-apps.folder,45,0AETUctoaN1zwUk9PVA
174u1r261TB0YJeqLGd2uyhmdo6tN4nup,v0.3.0/U0202/rs02,application/vnd.google-apps.folder,47,0AETUctoaN1zwUk9PVA
1KcXZRjoMEF-VM2TdS0HPpDHUtevGq-xo,v0.3.0/U0203/kinect,application/vnd.google-apps.folder,47,0AETUctoaN1zwUk9PVA
1i0kT6VhaRyCi-JUYAeAnqkPRN3_xOKef,v0.3.0/U0203/lidar,application/vnd.google-apps.folder,45,0AETUctoaN1zwUk9PVA
1oJ_U3mJoebZkCeOjLgZYkAPhkoZXCAsR,v0.3.0/U0203/rs02,application/vnd.google-apps.folder,45,0AETUctoaN1zwUk9PVA
1GA84fGaAXz_xTEAAknrCRtrnloe0AiDL,v0.3.0/U0204/kinect,application/vnd.google-apps.folder,48,0AETUctoaN1zwUk9PVA
16ZpGpBHQb-rvvgKLdRUzqMqkEYhziE4z,v0.3.0/U0204/lidar,application/vnd.google-apps.folder,45,0AETUctoaN1zwUk9PVA
1QMNOuFIC7yQQQl6GVTBJHmF8oDXWQ3bC,v0.3.0/U0204/rs02,application/vnd.google-apps.folder,45,0AETUctoaN1zwUk9PVA
1VUn7LOq8UNNa0QCunNW90E8Q1CH-5Ldv,v0.3.0/U0205/kinect,application/vnd.google-apps.folder,46,0AETUctoaN1zwUk9PVA
1863xHyzQgeAguEgpZrcFqg-65LrOZcZ1,v0.3.0/U0205/lidar,application/vnd.google-apps.folder,46,0AETUctoaN1zwUk9PVA
1Wc6fxsDPtwiAj26z3LwGKY0wL26VZV-z,v0.3.0/U0205/rs02,application/vnd.google-apps.folder,47,0AETUctoaN1zwUk9PVA
127CyVU90d3FeeJs13-tybiFkPUcF-_SX,v0.3.0/U0206/kinect,application/vnd.google-apps.folder,46,0AETUctoaN1zwUk9PVA
14CG7id5stq4PXhv3Bnd5edf7-HsZGeuW,v0.3.0/U0206/lidar,application/vnd.google-apps.folder,45,0AETUctoaN1zwUk9PVA
1Q5CHuYse3tA1edWRfawH036wrNnqpkI6,v0.3.0/U0206/rs02,application/vnd.google-apps.folder,45,0AETUctoaN1zwUk9PVA
1tJAC06-NkG2oMa_qiYgt7ip7UBcyvNu6,v0.3.0/U0207/kinect,application/vnd.google-apps.folder,50,0AETUctoaN1zwUk9PVA
16HN_qzCioFqpm3OraWzdKs38lgiCKWih,v0.3.0/U0207/lidar,application/vnd.google-apps.folder,47,0AETUctoaN1zwUk9PVA
18j80BszOtrYFAniqDl76sHP6p0RvKccf,v0.3.0/U0207/rs02,application/vnd.google-apps.folder,46,0AETUctoaN1zwUk9PVA
1cZT5LIBRuztd-0tlYvVFVNWBikulVjsv,v0.3.0/U0208/kinect,application/vnd.google-apps.folder,46,0AETUctoaN1zwUk9PVA
119isdGQAL2uJjQXvtMRd1Ndi7u55eWeu,v0.3.0/U0208/lidar,application/vnd.google-apps.folder,45,0AETUctoaN1zwUk9PVA
1L7p6RHAg3lU_WFFBvilQYNhCvm7C5sX5,v0.3.0/U0208/rs02,application/vnd.google-apps.folder,45,0AETUctoaN1zwUk9PVA
1fcgdRQEjS9Bbl_gkvOGeKf6NFnfbe04O,v0.3.0/U0209/kinect,application/vnd.google-apps.folder,48,0AETUctoaN1zwUk9PVA
1MAd46uGqWSrBLDEoYj1zV5Fm7HfA0wbm,v0.3.0/U0209/lidar,application/vnd.google-apps.folder,48,0AETUctoaN1zwUk9PVA
1uUoqYU7zHkYed8n9Y9q9ZCUD3KmQG1KG,v0.3.0/U0209/rs02,application/vnd.google-apps.folder,49,0AETUctoaN1zwUk9PVA
1KxScmX8UK7C9FzZNMJD9_SlDkpPgi2YC,v0.3.0/U0210/kinect,application/vnd.google-apps.folder,53,0AETUctoaN1zwUk9PVA
1ZKWXhvkE0ggZWc7Nf2409lUE4sMGJ9kU,v0.3.0/U0210/lidar,application/vnd.google-apps.folder,54,0AETUctoaN1zwUk9PVA
12DJju1a0erQhmbhrDbNXSi7v_0a6RELZ,v0.3.0/U0210/rs02,application/vnd.google-apps.folder,65,0AETUctoaN1zwUk9PVA
1zjHgNrIZ02UM06bccdk1OZRjl4FbC5fk,v0.3.0/U0101/kinect/depth,application/vnd.google-apps.folder,167,0AETUctoaN1zwUk9PVA
1gCKGcJL509RXuErjeN7wTdeNSfG6wy00,v0.3.0/U0101/rs02/depth,application/vnd.google-apps.folder,99,0AETUctoaN1zwUk9PVA
1ePO6aieQd2OR-MyIPn5BCTFb7XkcUmRq,v0.3.0/U0102/kinect/depth,application/vnd.google-apps.folder,64,0AETUctoaN1zwUk9PVA
141Ax20HxOjCazinuOsKXwO2RN2Q3pOLp,v0.3.0/U0102/rs02/depth,application/vnd.google-apps.folder,55,0AETUctoaN1zwUk9PVA
1RjI6xrGUJdaIJAFP_Wvk1e4w8Afjof8d,v0.3.0/U0103/kinect/depth,application/vnd.google-apps.folder,56,0AETUctoaN1zwUk9PVA
1zfWu3ekVOp255GLdxXvD1zXcV_iJpYit,v0.3.0/U0103/lidar/frames,application/vnd.google-apps.folder,48,0AETUctoaN1zwUk9PVA
1ce47PYfbYdwxmRWm9YSXRlgd1EuN1uDR,v0.3.0/U0103/rs02/depth,application/vnd.google-apps.folder,51,0AETUctoaN1zwUk9PVA
19rp3w9MW6OGvr5l8BdpjgFV6vBl_l8qo,v0.3.0/U0104/kinect/depth,application/vnd.google-apps.folder,60,0AETUctoaN1zwUk9PVA
1rspf2It_sG0kkRt0rb7bynaSATdWUTSU,v0.3.0/U0104/lidar/frames,application/vnd.google-apps.folder,49,0AETUctoaN1zwUk9PVA
1dNgrFrhBperuo_0Y3Yq5WZV6xWpxR86m,v0.3.0/U0104/rs02/depth,application/vnd.google-apps.folder,52,0AETUctoaN1zwUk9PVA
17TNh5K9gUjETeUGGO2yAfRDNjGuMgXvH,v0.3.0/U0105/kinect/depth,application/vnd.google-apps.folder,51,0AETUctoaN1zwUk9PVA
1TZRL_k1tnhqu6Fvm_Kr-FJCrFf8j8XIo,v0.3.0/U0105/lidar/frames,application/vnd.google-apps.folder,47,0AETUctoaN1zwUk9PVA
1fiL6aRefg8lazMFWLb2XAxaolLZH0DxA,v0.3.0/U0105/rs02/depth,application/vnd.google-apps.folder,46,0AETUctoaN1zwUk9PVA
1x897vOMaVTEEmseFv5QMxEWQXl5MJ1b0,v0.3.0/U0106/kinect/depth,application/vnd.google-apps.folder,50,0AETUctoaN1zwUk9PVA
1Lo5_6U08Np_wbOMIqhfnaKakjMsKUlCm,v0.3.0/U0106/lidar/frames,application/vnd.google-apps.folder,46,0AETUctoaN1zwUk9PVA
1HQDg21AcNJgsMWNKzib7Pb7XkzO729Ch,v0.3.0/U0106/rs02/depth,application/vnd.google-apps.folder,46,0AETUctoaN1zwUk9PVA
1k9ElJy8N1D7rh5_aoC0Ez7AjScxbv4PU,v0.3.0/U0107/kinect/depth,application/vnd.google-apps.folder,49,0AETUctoaN1zwUk9PVA
1kYVu11YMRBrl13Nzzb2vFE4RGyXOpgFF,v0.3.0/U0107/lidar/frames,application/vnd.google-apps.folder,47,0AETUctoaN1zwUk9PVA
1XpQoUl0NdUZ-mGABIHzEA2XKX_n3_QGO,v0.3.0/U0107/rs02/depth,application/vnd.google-apps.folder,49,0AETUctoaN1zwUk9PVA
1RFbFufiick-ULQ87hO6NUfR-zq4GxYH9,v0.3.0/U0108/kinect/depth,application/vnd.google-apps.folder,49,0AETUctoaN1zwUk9PVA
17ypZc7bhiHdDL-7BlWyLcvfNPPQgskQ5,v0.3.0/U0108/lidar/frames,application/vnd.google-apps.folder,46,0AETUctoaN1zwUk9PVA
1zdz4kTAxfU0R0K2s0p96oRPxBcV16b7x,v0.3.0/U0108/rs02/depth,application/vnd.google-apps.folder,48,0AETUctoaN1zwUk9PVA
166wPXctEMgEPZ6YLh5nyVbk_XVdrfEnK,v0.3.0/U0109/kinect/depth,application/vnd.google-apps.folder,48,0AETUctoaN1zwUk9PVA
1eEUfqFu1xOa_zU2cPiiO9sm6JfuCAYk9,v0.3.0/U0109/lidar/frames,application/vnd.google-apps.folder,46,0AETUctoaN1zwUk9PVA
1rLcIBozn0QOe3TQPUDz7JtXfst1dqbLV,v0.3.0/U0109/rs02/depth,application/vnd.google-apps.folder,46,0AETUctoaN1zwUk9PVA
1_mqkah6kSxw-oCcZRKGszonirBOZLLGW,v0.3.0/U0110/kinect/depth,application/vnd.google-apps.folder,47,0AETUctoaN1zwUk9PVA
1xsBWEUEApkwdi0G9u_0Vhh70ThPSyuZt,v0.3.0/U0110/lidar/frames,application/vnd.google-apps.folder,46,0AETUctoaN1zwUk9PVA
1nKo6E5b_kQKPPUGBL99ZyaMvvVCBOWJC,v0.3.0/U0110/rs02/depth,application/vnd.google-apps.folder,46,0AETUctoaN1zwUk9PVA
1b1bOZUClsENL2SecTjbSL-tq0JYaTbOQ,v0.3.0/U0111/kinect/depth,application/vnd.google-apps.folder,50,0AETUctoaN1zwUk9PVA
1zIs83fHT-PLpj0xxDcmVab0C3QvJLsxL,v0.3.0/U0111/lidar/frames,application/vnd.google-apps.folder,49,0AETUctoaN1zwUk9PVA
1Qw4MAad9iO8GTkJ3intUQTme2L0M1IP2,v0.3.0/U0111/rs02/depth,application/vnd.google-apps.folder,48,0AETUctoaN1zwUk9PVA
1xYGtYIjVMyGWYuCltWk0U9byfvYgz8lw,v0.3.0/U0201/kinect/depth,application/vnd.google-apps.folder,56,0AETUctoaN1zwUk9PVA
1j9q2bvqkhBprfo1VTuoW9AcNcCLNPJ1q,v0.3.0/U0201/lidar/frames,application/vnd.google-apps.folder,51,0AETUctoaN1zwUk9PVA
1nBXH9H3Zlhg8rMw45BUOByAT-mwDk-rx,v0.3.0/U0201/rs02/depth,application/vnd.google-apps.folder,48,0AETUctoaN1zwUk9PVA
1uzKBFtHHsPmlqyr-3jOztho3s4bSuB9i,v0.3.0/U0202/kinect/depth,application/vnd.google-apps.folder,46,0AETUctoaN1zwUk9PVA
1b6qd-qZooANmlKc-dgZA4O46ns2xaerj,v0.3.0/U0202/lidar/frames,application/vnd.google-apps.folder,45,0AETUctoaN1zwUk9PVA
173ijCHPJFax62mv1o29kli4C__WIa256,v0.3.0/U0202/rs02/depth,application/vnd.google-apps.folder,47,0AETUctoaN1zwUk9PVA
181F5oZ7UkYLpMhZuhw8BkbhFj9QlGktM,v0.3.0/U0203/kinect/depth,application/vnd.google-apps.folder,47,0AETUctoaN1zwUk9PVA
1R-1gDxRaTAWSChLqMqnYyRHsSO3XV9kI,v0.3.0/U0203/lidar/frames,application/vnd.google-apps.folder,45,0AETUctoaN1zwUk9PVA
1wFgUdWeKoOatoMuHXvlfDp56WmQIfI8P,v0.3.0/U0203/rs02/depth,application/vnd.google-apps.folder,45,0AETUctoaN1zwUk9PVA
1sIBYL9LBupUlLFun52-UULs_EbSDVTKK,v0.3.0/U0204/kinect/depth,application/vnd.google-apps.folder,47,0AETUctoaN1zwUk9PVA
1YM0WJP_gt4Ll6ptAZSFfh6VxkUgcaKLN,v0.3.0/U0204/lidar/frames,application/vnd.google-apps.folder,45,0AETUctoaN1zwUk9PVA
121t0M1sZ0jOlYxwRgWUWkbpzmR5Bk2dX,v0.3.0/U0204/rs02/depth,application/vnd.google-apps.folder,45,0AETUctoaN1zwUk9PVA
1K9kCjMzzXv0pSEreHwRNy7H9WS41JoRe,v0.3.0/U0205/kinect/depth,application/vnd.google-apps.folder,46,0AETUctoaN1zwUk9PVA
1LQV7QJ_fMFDjY0-HwSbM4rQf9yUBD0Au,v0.3.0/U0205/lidar/frames,application/vnd.google-apps.folder,45,0AETUctoaN1zwUk9PVA
1bHLktc9MUwxQZSPLwgDkCx8uOjYLQbGT,v0.3.0/U0205/rs02/depth,application/vnd.google-apps.folder,47,0AETUctoaN1zwUk9PVA
1Di62ML-DIFYXWa2kENK2G9EdDSJ04JM4,v0.3.0/U0206/kinect/depth,application/vnd.google-apps.folder,47,0AETUctoaN1zwUk9PVA
11YOkTcjOMURKQ5GJZJzUZ34y6yLjdvQ0,v0.3.0/U0206/lidar/frames,application/vnd.google-apps.folder,45,0AETUctoaN1zwUk9PVA
1dHslqNwFeI7FH66etHLm0tgdamfao8Fm,v0.3.0/U0206/rs02/depth,application/vnd.google-apps.folder,45,0AETUctoaN1zwUk9PVA
1v9DqvrdXnoTEKStaVzgNSh1TCWaE-yCT,v0.3.0/U0207/kinect/depth,application/vnd.google-apps.folder,50,0AETUctoaN1zwUk9PVA
1ftA4fi_PXFrVXw9JopYiOwmTww4LtAlR,v0.3.0/U0207/lidar/frames,application/vnd.google-apps.folder,46,0AETUctoaN1zwUk9PVA
1MFH8cp9tKJTt6rL7kJ__QnbZJUZV1-5V,v0.3.0/U0207/rs02/depth,application/vnd.google-apps.folder,46,0AETUctoaN1zwUk9PVA
1qsTxObEeIeuy5MIuWvBJn-xEYfb_kndP,v0.3.0/U0208/kinect/depth,application/vnd.google-apps.folder,46,0AETUctoaN1zwUk9PVA
1Io2yEIODhNYhhzS915C2zZD4HZa_KbZg,v0.3.0/U0208/lidar/frames,application/vnd.google-apps.folder,45,0AETUctoaN1zwUk9PVA
1UQpXjttrAjEWhACXUC5B19OOiC39w6kK,v0.3.0/U0208/rs02/depth,application/vnd.google-apps.folder,45,0AETUctoaN1zwUk9PVA
1G_wg3-jF8s5jxfYU6DivaL8NnurZY8p0,v0.3.0/U0209/kinect/depth,application/vnd.google-apps.folder,48,0AETUctoaN1zwUk9PVA
1dEtv9RcAjwfyp6IuuO0lttnO3A0XDtwU,v0.3.0/U0209/lidar/frames,application/vnd.google-apps.folder,47,0AETUctoaN1zwUk9PVA
1g6_IJQR4TeLXMGz6RpNmuLbGfxnQCwLN,v0.3.0/U0209/rs02/depth,application/vnd.google-apps.folder,49,0AETUctoaN1zwUk9PVA
1rn8MgvyRYIVM8R9SvEF7yveVMXIDXDbX,v0.3.0/U0210/kinect/depth,application/vnd.google-apps.folder,51,0AETUctoaN1zwUk9PVA
1yfX9CPQwU0IqolOGToqZ8NfRcb9UYGYw,v0.3.0/U0210/lidar/frames,application/vnd.google-apps.folder,50,0AETUctoaN1zwUk9PVA
1Y-2Hy0eZM9OQNnAAZjaOJcNdWG2OGHmm,v0.3.0/U0210/rs02/depth,application/vnd.google-apps.folder,61,0AETUctoaN1zwUk9PVA
1fZx-ces2ExmYX5NZUwqFrPBEAv9_yeaL,v0.3.0/U0101/kinect/depth/frames,application/vnd.google-apps.folder,142,0AETUctoaN1zwUk9PVA
1bn8H3F2KoHnEPAAW2hTiFY0-TL5PoYje,v0.3.0/U0101/rs02/depth/frames,application/vnd.google-apps.folder,90,0AETUctoaN1zwUk9PVA
1REvPiCXZHF-0V_VtTvE8hvOK7lz1chpO,v0.3.0/U0102/kinect/depth/frames,application/vnd.google-apps.folder,58,0AETUctoaN1zwUk9PVA
1f-i_dsN2-GDyaSIvysSyQOHsQxVDnH2o,v0.3.0/U0102/rs02/depth/frames,application/vnd.google-apps.folder,54,0AETUctoaN1zwUk9PVA
1_IO7nIv0pQKxEoH5s1npqsefxCOM0JhX,v0.3.0/U0103/kinect/depth/frames,application/vnd.google-apps.folder,54,0AETUctoaN1zwUk9PVA
1xvpPNCu14B9sSrApl-PYMzuh-UVtz2CT,v0.3.0/U0103/lidar/frames/S0200.zip,application/zip,46,0AETUctoaN1zwUk9PVA
1mfuSFxjIdBKUPgl925aiSf3_-ja_caYl,v0.3.0/U0103/lidar/frames/S0300.zip,application/zip,46,0AETUctoaN1zwUk9PVA
1FPY_HA9J_xXf1tsSefMBT_AZQ1UpYtw2,v0.3.0/U0103/lidar/frames/S0400.zip,application/zip,46,0AETUctoaN1zwUk9PVA
13i6iIUsrjq4VvO8mmEoxbxSe1PJbx1ZF,v0.3.0/U0103/lidar/frames/S0500.zip,application/zip,46,0AETUctoaN1zwUk9PVA
1TCKw_wHKEUhUN3FCE5x6zWW78Q3IyPgx,v0.3.0/U0103/rs02/depth/frames,application/vnd.google-apps.folder,49,0AETUctoaN1zwUk9PVA
1RFUlEKM04HCGApdXmqHpTdf0kSLeQtGb,v0.3.0/U0104/kinect/depth/frames,application/vnd.google-apps.folder,61,0AETUctoaN1zwUk9PVA
1OTIDmQz2-Wus4ls0IxUQwXY6niWfAvBe,v0.3.0/U0104/lidar/frames/S0100.zip,application/zip,46,0AETUctoaN1zwUk9PVA
1V_otr168mXxNkPCmwWlVLnT60djEVgJk,v0.3.0/U0104/lidar/frames/S0200.zip,application/zip,46,0AETUctoaN1zwUk9PVA
1WtephSIJj5zF_gudOU6nhKPPeIH0zn5r,v0.3.0/U0104/lidar/frames/S0300.zip,application/zip,46,0AETUctoaN1zwUk9PVA
1_72_eA6xwjAbMXFIcxrYb7fptX6Lg7FX,v0.3.0/U0104/lidar/frames/S0400.zip,application/zip,46,0AETUctoaN1zwUk9PVA
1Wtg35IDad7WfSgVpx5rBubLRwzG31fC4,v0.3.0/U0104/rs02/depth/frames,application/vnd.google-apps.folder,50,0AETUctoaN1zwUk9PVA
1l-DrqvCHetj3yUcRTuiA4Wx_VxfJXsR8,v0.3.0/U0105/kinect/depth/frames,application/vnd.google-apps.folder,58,0AETUctoaN1zwUk9PVA
1IpGl0GF7QNgtosPk4AFHO7CNeMpQfAib,v0.3.0/U0105/lidar/frames/S0100.zip,application/zip,46,0AETUctoaN1zwUk9PVA
1TLzIrIaQnsi0dUt-qBrWdd-P6iIWVCt_,v0.3.0/U0105/lidar/frames/S0200.zip,application/zip,46,0AETUctoaN1zwUk9PVA
1w8Sb7h_ESnpGV3UmGwNPdk-nsGHM51GO,v0.3.0/U0105/lidar/frames/S0300.zip,application/zip,46,0AETUctoaN1zwUk9PVA
1FMNQf03vTED9kcF0I2q05O1t5GVIYz9D,v0.3.0/U0105/lidar/frames/S0400.zip,application/zip,46,0AETUctoaN1zwUk9PVA
1DdbTuQdW6T0hRvS7MKHAbgreUfIUiwrP,v0.3.0/U0105/lidar/frames/S0500.zip,application/zip,46,0AETUctoaN1zwUk9PVA
1uyOlFsgHuMkAflA0x9h90qQHldpYP6NT,v0.3.0/U0105/rs02/depth/frames,application/vnd.google-apps.folder,46,0AETUctoaN1zwUk9PVA
1ZY5xjB5O_vZNRzsQ6_zAxp7G1Fzz3fEN,v0.3.0/U0106/kinect/depth/frames,application/vnd.google-apps.folder,49,0AETUctoaN1zwUk9PVA
1DzNilXP-u8isiVs8-IAyMitfMkngI0Nn,v0.3.0/U0106/lidar/frames/S0100.zip,application/zip,46,0AETUctoaN1zwUk9PVA
1XoCgln36555Gk2UH27l2B_YtU4pVoFcZ,v0.3.0/U0106/lidar/frames/S0200.zip,application/zip,46,0AETUctoaN1zwUk9PVA
1IsFRKnV8sQne15sYO_ZGthQSQ0TfdwSd,v0.3.0/U0106/lidar/frames/S0300.zip,application/zip,46,0AETUctoaN1zwUk9PVA
1MZ5cEFGF10pjac5UfHu2OXayXL7bK3nc,v0.3.0/U0106/rs02/depth/frames,application/vnd.google-apps.folder,46,0AETUctoaN1zwUk9PVA
1m0FVPloJH5WwBv__P42WDivpumQBOUkz,v0.3.0/U0107/kinect/depth/frames,application/vnd.google-apps.folder,48,0AETUctoaN1zwUk9PVA
1mEgLJTeD9Kw0HX76Wq8m0wjzYiz8JBGG,v0.3.0/U0107/lidar/frames/S0100.zip,application/zip,46,0AETUctoaN1zwUk9PVA
1oa3sC99riLRDPj_ixLlH2quaUXA8kBxG,v0.3.0/U0107/lidar/frames/S0200.zip,application/zip,46,0AETUctoaN1zwUk9PVA
1gz_Zkw2BH9LnQMQMEQzcWO6cBEdDen3E,v0.3.0/U0107/lidar/frames/S0300.zip,application/zip,46,0AETUctoaN1zwUk9PVA
1-gVJz6J8sAypCOmk9HFbk6xpHYkEVYzc,v0.3.0/U0107/lidar/frames/S0400.zip,application/zip,46,0AETUctoaN1zwUk9PVA
1j-zTkGbxvXuSR3ajBgyNvLcjyfVWZnvq,v0.3.0/U0107/lidar/frames/S0500.zip,application/zip,46,0AETUctoaN1zwUk9PVA
1CkOoOlwfAzTfS4cbWmcB6YrvoXftCkKS,v0.3.0/U0107/rs02/depth/frames,application/vnd.google-apps.folder,48,0AETUctoaN1zwUk9PVA
1bUrzrLyvZhAt6Pt_TeVoiPoKuz7KWC4y,v0.3.0/U0108/kinect/depth/frames,application/vnd.google-apps.folder,48,0AETUctoaN1zwUk9PVA
1-5OBRtc9oi2S2v003Se00udQpyMozLIY,v0.3.0/U0108/lidar/frames/S0100.zip,application/zip,46,0AETUctoaN1zwUk9PVA
1fsZLAiPS_IgHh-0U61Rf7_1pWGXE1if2,v0.3.0/U0108/lidar/frames/S0200.zip,application/zip,46,0AETUctoaN1zwUk9PVA
1twqOWWrtFPUVrHvNMb99lGcIKVXBbtLq,v0.3.0/U0108/lidar/frames/S0300.zip,application/zip,46,0AETUctoaN1zwUk9PVA
1LeePa_fjQzL3VKotYtKe8aYB6T7ktFky,v0.3.0/U0108/rs02/depth/frames,application/vnd.google-apps.folder,47,0AETUctoaN1zwUk9PVA
1kXk_4E0yZLhF_SlZeDGQf2G3MtMqXTxV,v0.3.0/U0109/kinect/depth/frames,application/vnd.google-apps.folder,48,0AETUctoaN1zwUk9PVA
1j52wPVWgKBCuI7sFbIErqqy5PZ1JpuTq,v0.3.0/U0109/lidar/frames/S0100.zip,application/zip,46,0AETUctoaN1zwUk9PVA
1shCHxvCSuf8vlSSkiGuXPbu1YNxnxYL5,v0.3.0/U0109/lidar/frames/S0200.zip,application/zip,46,0AETUctoaN1zwUk9PVA
1bHUNPfuVIb0soNm5sF-_LSO2UEqPKI2L,v0.3.0/U0109/lidar/frames/S0300.zip,application/zip,46,0AETUctoaN1zwUk9PVA
1r8DnH0Oyur0oDCC-MTaPyqIq9Apin5pf,v0.3.0/U0109/lidar/frames/S0400.zip,application/zip,46,0AETUctoaN1zwUk9PVA
11a4vmDVq271VGCUsdBGhtlvp6LvXgreF,v0.3.0/U0109/lidar/frames/S0500.zip,application/zip,46,0AETUctoaN1zwUk9PVA
1KQ2pKsh9fTuSP6k3aezBabmycGPGeoQS,v0.3.0/U0109/rs02/depth/frames,application/vnd.google-apps.folder,46,0AETUctoaN1zwUk9PVA
1_15ddM9pAqfPHbHRZjyiTSPpVwGqk_xW,v0.3.0/U0110/kinect/depth/frames,application/vnd.google-apps.folder,47,0AETUctoaN1zwUk9PVA
1gO-iaZcTessqwajJYAZp_WK3AeRixdvj,v0.3.0/U0110/lidar/frames/S0100.zip,application/zip,46,0AETUctoaN1zwUk9PVA
1JAloIrhC4Off-Xpx6juxGlk0vv5nPUni,v0.3.0/U0110/lidar/frames/S0300.zip,application/zip,46,0AETUctoaN1zwUk9PVA
1L--5qtipBsxdoQl63uJpHJ8U8K6-LH9C,v0.3.0/U0110/lidar/frames/S0400.zip,application/zip,46,0AETUctoaN1zwUk9PVA
1nZXf027aYJQMyCWUzBMjh96vIoAV30-x,v0.3.0/U0110/rs02/depth/frames,application/vnd.google-apps.folder,46,0AETUctoaN1zwUk9PVA
17aeqGxF78fTfuIX7_hkak93kYi8wlllF,v0.3.0/U0111/kinect/depth/frames,application/vnd.google-apps.folder,49,0AETUctoaN1zwUk9PVA
1dTSUGgUvmIJqXJkkjIcI-eoGb9tM9t0L,v0.3.0/U0111/lidar/frames/S0100.zip,application/zip,47,0AETUctoaN1zwUk9PVA
1D7c5F-rAIIjK2Y6dfFXMQ3YIX-Rdl_1m,v0.3.0/U0111/lidar/frames/S0200.zip,application/zip,46,0AETUctoaN1zwUk9PVA
1xEVItoNhWj7-DFm4S0Uq4WUXq401ETsn,v0.3.0/U0111/lidar/frames/S0300.zip,application/zip,46,0AETUctoaN1zwUk9PVA
1H5gHsAbXF3yYYprbGkfSvMXy2KL4tmXC,v0.3.0/U0111/lidar/frames/S0400.zip,application/zip,46,0AETUctoaN1zwUk9PVA
1846F7L8elUqYqnNXi6kccMC6ELLI_Aos,v0.3.0/U0111/lidar/frames/S0500.zip,application/zip,46,0AETUctoaN1zwUk9PVA
10LvQsH8A5rJ62xueDGuKhP5_nVJW1S6r,v0.3.0/U0111/rs02/depth/frames,application/vnd.google-apps.folder,47,0AETUctoaN1zwUk9PVA
1A7QeFksYWKZtv3f0Ri5zK9XO7j_oqU-y,v0.3.0/U0201/kinect/depth/frames,application/vnd.google-apps.folder,52,0AETUctoaN1zwUk9PVA
1KJxxHVkxkQ7DWLanD6LDLJSwkipqV_5T,v0.3.0/U0201/lidar/frames/S0100.zip,application/zip,45,0AETUctoaN1zwUk9PVA
1TQO134GHrOvPsTXUFN9GPUorUfDtrxgZ,v0.3.0/U0201/lidar/frames/S0200.zip,application/zip,45,0AETUctoaN1zwUk9PVA
1hE44wV2AHfwJRechTlzZ84melXQw6PqX,v0.3.0/U0201/lidar/frames/S0300.zip,application/zip,45,0AETUctoaN1zwUk9PVA
1WgkceIjTdSFN_BX2xDhuYrO8fnulOZtk,v0.3.0/U0201/lidar/frames/S0400.zip,application/zip,45,0AETUctoaN1zwUk9PVA
1ZNU757O4Tj6xjT85iP4J-_-F9NyzCzc8,v0.3.0/U0201/lidar/frames/S0500.zip,application/zip,45,0AETUctoaN1zwUk9PVA
1ZNtF8SM3F39t4ILZHjiGQ6_Mwd03IEAR,v0.3.0/U0201/rs02/depth/frames,application/vnd.google-apps.folder,47,0AETUctoaN1zwUk9PVA
1DXG_r7lk86WsMEHvMw6HsK2txGgZ2oCK,v0.3.0/U0202/kinect/depth/frames,application/vnd.google-apps.folder,46,0AETUctoaN1zwUk9PVA
1QuUqsTywFlLBUnLWWvH4BOs9G0mX9FhL,v0.3.0/U0202/lidar/frames/S0100.zip,application/zip,45,0AETUctoaN1zwUk9PVA
1UFZFEXh5FQFYQaWEw7O89KK9ojXHgzOL,v0.3.0/U0202/lidar/frames/S0200.zip,application/zip,45,0AETUctoaN1zwUk9PVA
1sXWZ10cmRSceP8IakaheKOCWOdZqeWVL,v0.3.0/U0202/lidar/frames/S0300.zip,application/zip,45,0AETUctoaN1zwUk9PVA
1eiAQM0xCf3QBcTu1e75BdRooKpVoBN1U,v0.3.0/U0202/lidar/frames/S0400.zip,application/zip,45,0AETUctoaN1zwUk9PVA
16qdh-uMsTVSj10oD1lEgn20xXHiL5BnG,v0.3.0/U0202/lidar/frames/S0500.zip,application/zip,45,0AETUctoaN1zwUk9PVA
1bHPHr8QjEwL9E9rdG3j8eyUvPvYYI2Qd,v0.3.0/U0202/rs02/depth/frames,application/vnd.google-apps.folder,46,0AETUctoaN1zwUk9PVA
1c8gn3omlz8oOZwWHvQoAIbdxJciz-MMn,v0.3.0/U0203/kinect/depth/frames,application/vnd.google-apps.folder,47,0AETUctoaN1zwUk9PVA
17puTbUJnt4sYaIthWxl_9eh5Sl8BBo8v,v0.3.0/U0203/lidar/frames/S0100.zip,application/zip,45,0AETUctoaN1zwUk9PVA
1D6182jKUnuKoqyN3DGY_VgZzskMACWTL,v0.3.0/U0203/lidar/frames/S0200.zip,application/zip,45,0AETUctoaN1zwUk9PVA
1jAu5OFb0mFSEySdt4N-o1oZNy6_2M2-n,v0.3.0/U0203/lidar/frames/S0300.zip,application/zip,45,0AETUctoaN1zwUk9PVA
1b9KAPaPtYTf-bd_K1xmnvEiIxj5rnNas,v0.3.0/U0203/rs02/depth/frames,application/vnd.google-apps.folder,45,0AETUctoaN1zwUk9PVA
1lvE4NUvIhf_AJnaQyUahHujOaw1brw3C,v0.3.0/U0204/kinect/depth/frames,application/vnd.google-apps.folder,46,0AETUctoaN1zwUk9PVA
1q_PvlJUqZNK4eKsgPOIRXSJZFoGct9Mc,v0.3.0/U0204/lidar/frames/S0100.zip,application/zip,45,0AETUctoaN1zwUk9PVA
1bbtlhz877XklbcaoePP8Vdoik7iiXPfI,v0.3.0/U0204/lidar/frames/S0400.zip,application/zip,45,0AETUctoaN1zwUk9PVA
1XO2w91nr0-zFp8UAyBWoqcnra5svSa2G,v0.3.0/U0204/lidar/frames/S0500.zip,application/zip,45,0AETUctoaN1zwUk9PVA
1kTY9aSuvrFaPRvQ7NFshJFkSzt06Y28z,v0.3.0/U0204/rs02/depth/frames,application/vnd.google-apps.folder,45,0AETUctoaN1zwUk9PVA
1eHBGfobN5RSgQ4PjvD4TxpeeVILI0S9u,v0.3.0/U0205/kinect/depth/frames,application/vnd.google-apps.folder,46,0AETUctoaN1zwUk9PVA
15vn9OzAcfs87vRBHuQBHoAXSzUJQu7Oe,v0.3.0/U0205/lidar/frames/S0100.zip,application/zip,45,0AETUctoaN1zwUk9PVA
1_RkvP3fxp0EQJSWQTwhpphNDMj3cUh5t,v0.3.0/U0205/lidar/frames/S0200.zip,application/zip,45,0AETUctoaN1zwUk9PVA
1OP8PMe9k5eoGCpDdN3gkZJ4ZBLT1qZCJ,v0.3.0/U0205/lidar/frames/S0300.zip,application/zip,45,0AETUctoaN1zwUk9PVA
1rrmYfxyWatyc14pzO4n_fi7cxxwvgGLd,v0.3.0/U0205/lidar/frames/S0500.zip,application/zip,45,0AETUctoaN1zwUk9PVA
135N2awVAfHpu2DU1CtXXDVgS-4lEe9cD,v0.3.0/U0205/rs02/depth/frames,application/vnd.google-apps.folder,48,0AETUctoaN1zwUk9PVA
1a6JUE35NaeBO1xNKpqn9i0190SZvVX0H,v0.3.0/U0206/kinect/depth/frames,application/vnd.google-apps.folder,46,0AETUctoaN1zwUk9PVA
1UzlFxE8lySjjg2p58oc-MRlI2jhRDtSh,v0.3.0/U0206/lidar/frames/S0100.zip,application/zip,45,0AETUctoaN1zwUk9PVA
1kqxBxpFf114dGTDKsabr66ZscocQE5fZ,v0.3.0/U0206/lidar/frames/S0200.zip,application/zip,45,0AETUctoaN1zwUk9PVA
1VCuoPGyi3MoBMqzW0O3Iq_ydQWnwFRPW,v0.3.0/U0206/lidar/frames/S0300.zip,application/zip,46,0AETUctoaN1zwUk9PVA
1xlIhpt1niSIV4TU9kwvpLcW3S-f7kRq-,v0.3.0/U0206/lidar/frames/S0400.zip,application/zip,45,0AETUctoaN1zwUk9PVA
1kFLRb7r1my4B64XoJ3sWbhM3yD254AJ6,v0.3.0/U0206/lidar/frames/S0500.zip,application/zip,45,0AETUctoaN1zwUk9PVA
1Mo5eot05p85hQ3BmTV1_xcInJQ1L0kUQ,v0.3.0/U0206/rs02/depth/frames,application/vnd.google-apps.folder,45,0AETUctoaN1zwUk9PVA
1L5OKkXPXBOnTLBsVxuWWyIXlbVyeOWiX,v0.3.0/U0207/kinect/depth/frames,application/vnd.google-apps.folder,49,0AETUctoaN1zwUk9PVA
1FMJ5n6VjHplgQBGD85vVMu2sjQBNH1aQ,v0.3.0/U0207/lidar/frames/S0100.zip,application/zip,46,0AETUctoaN1zwUk9PVA
1Ob-VyeE309ykP-gkfWk_JRuWZ8dieaOU,v0.3.0/U0207/rs02/depth/frames,application/vnd.google-apps.folder,47,0AETUctoaN1zwUk9PVA
19R2A18WQOWLZEpfTSKPXfFKVQdkBq_MY,v0.3.0/U0208/kinect/depth/frames,application/vnd.google-apps.folder,46,0AETUctoaN1zwUk9PVA
17L2s1q0-7eR9SfVsv9crYrn73B9EVAgf,v0.3.0/U0208/lidar/frames/S0100.zip,application/zip,45,0AETUctoaN1zwUk9PVA
1e9cdTF7ajKlayGdbfI8-AGMiLjjljGks,v0.3.0/U0208/lidar/frames/S0200.zip,application/zip,45,0AETUctoaN1zwUk9PVA
1bHNo6O-nq56bv-jofbCGC-CDg8GAaPNm,v0.3.0/U0208/lidar/frames/S0300.zip,application/zip,45,0AETUctoaN1zwUk9PVA
1yxc31fioqAQTUGQI71LldhNXrnnbgRit,v0.3.0/U0208/lidar/frames/S0500.zip,application/zip,45,0AETUctoaN1zwUk9PVA
12ck5lRh-d8DiqutAY51EO6_nMCx9oELd,v0.3.0/U0208/rs02/depth/frames,application/vnd.google-apps.folder,45,0AETUctoaN1zwUk9PVA
1-IrAy9F-wOl6LlT-68r8Kt2O47PVRaLO,v0.3.0/U0209/kinect/depth/frames,application/vnd.google-apps.folder,47,0AETUctoaN1zwUk9PVA
1PKmFCGyqSYgmfJY567sD6hy5G5X51RXU,v0.3.0/U0209/lidar/frames/S0100.zip,application/zip,45,0AETUctoaN1zwUk9PVA
1zr-NTAr6hjgKMyMiRazpAyzv45DMe1IL,v0.3.0/U0209/lidar/frames/S0200.zip,application/zip,45,0AETUctoaN1zwUk9PVA
1vnhDZsmhbMfzN0sEVeIUXxvRKqd2phfp,v0.3.0/U0209/lidar/frames/S0300.zip,application/zip,45,0AETUctoaN1zwUk9PVA
1ps10vMppkBYYpQ1TpiuYkfP9lucO2pCG,v0.3.0/U0209/lidar/frames/S0400.zip,application/zip,45,0AETUctoaN1zwUk9PVA
1mHujyBUQ6IFEhIkobihHSjjLx_oXJUN5,v0.3.0/U0209/lidar/frames/S0500.zip,application/zip,45,0AETUctoaN1zwUk9PVA
1ZWeVN4nsJPMaiz0_SuCBUfpcOBoRaehJ,v0.3.0/U0209/rs02/depth/frames,application/vnd.google-apps.folder,47,0AETUctoaN1zwUk9PVA
1-VSG5s0eppHOLkY5LZY1gC9aC50ZG8X0,v0.3.0/U0210/kinect/depth/frames,application/vnd.google-apps.folder,48,0AETUctoaN1zwUk9PVA
1UFW14WGUv3cJDsxIp3Y9qYWLMkgtMJu8,v0.3.0/U0210/lidar/frames/S0200.zip,application/zip,45,0AETUctoaN1zwUk9PVA
1cMzqxHBJRoMKPUyqWyKJBQHbinl2mMKZ,v0.3.0/U0210/lidar/frames/S0300.zip,application/zip,45,0AETUctoaN1zwUk9PVA
1_t5ROYXKkCMpQ6s6NoXlHU7LKpIg10vh,v0.3.0/U0210/lidar/frames/S0400.zip,application/zip,45,0AETUctoaN1zwUk9PVA
1gjogABifz9_Vy2u_WcxQVRLg5pr0GGhV,v0.3.0/U0210/lidar/frames/S0500.zip,application/zip,45,0AETUctoaN1zwUk9PVA
1tNlZPWXv0dPLtF3lgOxYexVyNJEk41g6,v0.3.0/U0210/rs02/depth/frames,application/vnd.google-apps.folder,56,0AETUctoaN1zwUk9PVA
1BFKHuSTjigT5dYsvG22TZgOrEv8jYFFr,v0.3.0/U0101/kinect/depth/frames/S0100.zip,application/zip,59,0AETUctoaN1zwUk9PVA
14o9RbeD_c85MQcAx6iVqjQ6-WziB-VWe,v0.3.0/U0101/kinect/depth/frames/S0200.zip,application/zip,45,0AETUctoaN1zwUk9PVA
1kOc-f4325jBr4x8zN0w8li9TC1GrXbBO,v0.3.0/U0101/kinect/depth/frames/S0300.zip,application/zip,46,0AETUctoaN1zwUk9PVA
1EkrNG3a9LlDqFvE91kPU0A9S2WAEITVh,v0.3.0/U0101/kinect/depth/frames/S0400.zip,application/zip,45,0AETUctoaN1zwUk9PVA
1vqvh2IOe6CmPXYNNJNuJtmHTHFhAIQeN,v0.3.0/U0101/kinect/depth/frames/S0500.zip,application/zip,46,0AETUctoaN1zwUk9PVA
1p7lnHcl9zAOM0RUj9fSVfwBT9QXzuCWH,v0.3.0/U0101/rs02/depth/frames/S0100.zip,application/zip,50,0AETUctoaN1zwUk9PVA
1f2d2pOU6MP4l7pnI5YK66-oNPljdIaEZ,v0.3.0/U0101/rs02/depth/frames/S0200.zip,application/zip,47,0AETUctoaN1zwUk9PVA
1tdJdPg9zuKlaKn0dvl65B8W6PV6yEOmj,v0.3.0/U0101/rs02/depth/frames/S0300.zip,application/zip,47,0AETUctoaN1zwUk9PVA
13kiEVV42p5RctKyoXeX-xuHPSeQA-lcZ,v0.3.0/U0101/rs02/depth/frames/S0400.zip,application/zip,47,0AETUctoaN1zwUk9PVA
1cKuYk9JD0ysdfGSyoE9CwWJexbWvc3rF,v0.3.0/U0101/rs02/depth/frames/S0500.zip,application/zip,46,0AETUctoaN1zwUk9PVA
12zkRY11MFvvjiPWjZeiINPPqeaTkGXW7,v0.3.0/U0102/kinect/depth/frames/S0100.zip,application/zip,47,0AETUctoaN1zwUk9PVA
1EDPQ_eFxwUUxIhOEoIMmuqMdSD_O35Kb,v0.3.0/U0102/kinect/depth/frames/S0200.zip,application/zip,47,0AETUctoaN1zwUk9PVA
18aMlbV8UjshFkTNNfspRWMIWRQg62F15,v0.3.0/U0102/kinect/depth/frames/S0300.zip,application/zip,46,0AETUctoaN1zwUk9PVA
1_0L7T7PkwBm5nCiPtT01n2hvjlcHDwc2,v0.3.0/U0102/kinect/depth/frames/S0400.zip,application/zip,46,0AETUctoaN1zwUk9PVA
1cq1hWy6C4snOL8BHX5KkxqVNAAv0ZruN,v0.3.0/U0102/kinect/depth/frames/S0500.zip,application/zip,46,0AETUctoaN1zwUk9PVA
1hJa2plehJNVHHY2IcT-y6mFvGwRC9TpC,v0.3.0/U0102/rs02/depth/frames/S0200.zip,application/zip,46,0AETUctoaN1zwUk9PVA
1LOOWF8vFffyf93D3Fpc3MPxic4Ygr2nB,v0.3.0/U0102/rs02/depth/frames/S0300.zip,application/zip,46,0AETUctoaN1zwUk9PVA
1r0WstFUh_DBXJHWpHUxwyjVw6sHB9TWc,v0.3.0/U0102/rs02/depth/frames/S0400.zip,application/zip,46,0AETUctoaN1zwUk9PVA
1xUb1W-DVbVOWdhDb_oyqRVOPAmthvamY,v0.3.0/U0102/rs02/depth/frames/S0500.zip,application/zip,46,0AETUctoaN1zwUk9PVA
18GWKjMGs4wW0WL5YiKQyX3uhEzlOdrfn,v0.3.0/U0103/kinect/depth/frames/S0100.zip,application/zip,45,0AETUctoaN1zwUk9PVA
11IQ_CHCqafOTs2iwAEFQShcAak_RwWW0,v0.3.0/U0103/kinect/depth/frames/S0200.zip,application/zip,46,0AETUctoaN1zwUk9PVA
1Sl38exJt_PNPzjCZzOXIi0ADCt2jar5x,v0.3.0/U0103/kinect/depth/frames/S0300.zip,application/zip,45,0AETUctoaN1zwUk9PVA
1luxzCr4mq21qJBsT8t9qMQeITUZNFqac,v0.3.0/U0103/kinect/depth/frames/S0400.zip,application/zip,45,0AETUctoaN1zwUk9PVA
1EDeHboQnC42Ll6X5qdQx7tw6jDp7REfq,v0.3.0/U0103/kinect/depth/frames/S0500.zip,application/zip,45,0AETUctoaN1zwUk9PVA
1gkKQ6RY-hIk2SEzOmy221K_AtiqPwzP8,v0.3.0/U0103/rs02/depth/frames/S0100.zip,application/zip,46,0AETUctoaN1zwUk9PVA
1ZKsUx69T9pckSRKKu7CeXQAHXDqK2-ct,v0.3.0/U0103/rs02/depth/frames/S0200.zip,application/zip,45,0AETUctoaN1zwUk9PVA
1mNIO9Dqpl0FMn9F5bbTHOQY7zMDttHf5,v0.3.0/U0103/rs02/depth/frames/S0300.zip,application/zip,45,0AETUctoaN1zwUk9PVA
1AHeiMwfAVF-aut66FP8n_ZelCOqmiMXn,v0.3.0/U0103/rs02/depth/frames/S0400.zip,application/zip,46,0AETUctoaN1zwUk9PVA
1UwtYCX3dGhKj8EIpTRlGePfj8wOHcCwE,v0.3.0/U0103/rs02/depth/frames/S0500.zip,application/zip,46,0AETUctoaN1zwUk9PVA
1OrCCOL2eTh-1QnjDu0r65k3orSou7lgd,v0.3.0/U0104/kinect/depth/frames/S0100.zip,application/zip,47,0AETUctoaN1zwUk9PVA
1-brXaGjJtL_AwAZA7eqgt0XK9sP08Vne,v0.3.0/U0104/kinect/depth/frames/S0200.zip,application/zip,45,0AETUctoaN1zwUk9PVA
1VYVFr7jmAw1HZPFRvY06Dk8vBzisNDTJ,v0.3.0/U0104/kinect/depth/frames/S0300.zip,application/zip,45,0AETUctoaN1zwUk9PVA
1LeUrslZS9mRyvpMLQKe_mtmgnGQHO8KQ,v0.3.0/U0104/kinect/depth/frames/S0400.zip,application/zip,45,0AETUctoaN1zwUk9PVA
1gcSrp4BsXswxlZQJ6ie5V1G7R9JG7cJ-,v0.3.0/U0104/rs02/depth/frames/S0100.zip,application/zip,45,0AETUctoaN1zwUk9PVA
1wuAF6DTfmF_QdAtPr58mmOg9Ruc03Zuw,v0.3.0/U0104/rs02/depth/frames/S0200.zip,application/zip,45,0AETUctoaN1zwUk9PVA
1Y5H5-Uhl4lzV90ABQ0YnnnNgZOoPQWVW,v0.3.0/U0104/rs02/depth/frames/S0300.zip,application/zip,45,0AETUctoaN1zwUk9PVA
1oXdR0tEH_NJHwP-zooPaovMjZ1YkT-l6,v0.3.0/U0104/rs02/depth/frames/S0400.zip,application/zip,46,0AETUctoaN1zwUk9PVA
12C6uQudIXs6pOKect2gtSyFJffCpDQLE,v0.3.0/U0105/kinect/depth/frames/S0100.zip,application/zip,45,0AETUctoaN1zwUk9PVA
1SXW8Z3mT2BxuJXaI6sUiE7Lf722J8EQw,v0.3.0/U0105/kinect/depth/frames/S0200.zip,application/zip,45,0AETUctoaN1zwUk9PVA
1ZAs7rQwYz_dIlgmH2kGclA57blmZQXnC,v0.3.0/U0105/kinect/depth/frames/S0300.zip,application/zip,45,0AETUctoaN1zwUk9PVA
1d2TVDBtoEMr2elh42a1MdYmxyuzHAqy_,v0.3.0/U0105/kinect/depth/frames/S0400.zip,application/zip,45,0AETUctoaN1zwUk9PVA
1dL4b3xyKIA48oz-SeZFOTkrdx3XsZcBf,v0.3.0/U0105/kinect/depth/frames/S0500.zip,application/zip,46,0AETUctoaN1zwUk9PVA
1RluD_yzyADaTAt-Ly5S5BO25d9bsvlSG,v0.3.0/U0105/rs02/depth/frames/S0100.zip,application/zip,45,0AETUctoaN1zwUk9PVA
1u10SO0gzUmkYkv8NWChKNt5m2Bp_rsza,v0.3.0/U0105/rs02/depth/frames/S0200.zip,application/zip,45,0AETUctoaN1zwUk9PVA
1_X-_tfMLkqAf1dENL7ELZoILjNsoWJbI,v0.3.0/U0105/rs02/depth/frames/S0300.zip,application/zip,45,0AETUctoaN1zwUk9PVA
1088ej5Q8wJ8ztQWcxipMRWLwVY0N8SdQ,v0.3.0/U0105/rs02/depth/frames/S0400.zip,application/zip,45,0AETUctoaN1zwUk9PVA
1Q_F1JxKRkgM8zwoIlP0zGtuIbq1LAZ5X,v0.3.0/U0105/rs02/depth/frames/S0500.zip,application/zip,45,0AETUctoaN1zwUk9PVA
1rZlAfadJ0qk2b3IvH4qETL8E0Pbmd33Q,v0.3.0/U0106/kinect/depth/frames/S0100.zip,application/zip,45,0AETUctoaN1zwUk9PVA
1-rC2-ga7GMnjYwr3_MP7M_szGv1XVSf4,v0.3.0/U0106/kinect/depth/frames/S0200.zip,application/zip,45,0AETUctoaN1zwUk9PVA
14ttHiPW-jl478OL_KMKkJ2r8WgUdbwO1,v0.3.0/U0106/kinect/depth/frames/S0300.zip,application/zip,45,0AETUctoaN1zwUk9PVA
10oFajHRhiCKJ3aEFjP_V11F-kRDg_-KM,v0.3.0/U0106/kinect/depth/frames/S0400.zip,application/zip,45,0AETUctoaN1zwUk9PVA
1prGMSGhNOdnH_CzDVJp14c5wkH_Fk0PA,v0.3.0/U0106/kinect/depth/frames/S0500.zip,application/zip,45,0AETUctoaN1zwUk9PVA
1EvtjZ280iWAqluYSxrh1-8cWwA6mjrxZ,v0.3.0/U0106/rs02/depth/frames/S0100.zip,application/zip,45,0AETUctoaN1zwUk9PVA
1FRX4rn7ALMY3OA_o3uk_ZzvwEN257hiB,v0.3.0/U0106/rs02/depth/frames/S0200.zip,application/zip,45,0AETUctoaN1zwUk9PVA
18m4t2538Hi6b3n3VTsMXkwW6oVawaZLm,v0.3.0/U0106/rs02/depth/frames/S0300.zip,application/zip,45,0AETUctoaN1zwUk9PVA
1tfhX2RI5L9NpgjTvSaAV5Y2m64Wr9mdT,v0.3.0/U0106/rs02/depth/frames/S0400.zip,application/zip,45,0AETUctoaN1zwUk9PVA
1wccM_VVV8tHc2c9tI70XT6Ql_Q30a4aJ,v0.3.0/U0106/rs02/depth/frames/S0500.zip,application/zip,45,0AETUctoaN1zwUk9PVA
1BnQ5VyMSaZ533NXiuEkia77wIBDW74nJ,v0.3.0/U0107/kinect/depth/frames/S0100.zip,application/zip,46,0AETUctoaN1zwUk9PVA
1c4GyayYeTM6nlmkLKR6X8wLncbZtZeKs,v0.3.0/U0107/kinect/depth/frames/S0200.zip,application/zip,46,0AETUctoaN1zwUk9PVA
1GQ78KAGFOJ0c77FuSqNB7HbBaTTadE9U,v0.3.0/U0107/kinect/depth/frames/S0300.zip,application/zip,46,0AETUctoaN1zwUk9PVA
1pzjMdxHN3PVpriH1fx7p8VGu_5fDzVss,v0.3.0/U0107/kinect/depth/frames/S0400.zip,application/zip,46,0AETUctoaN1zwUk9PVA
1yumCn8nB-sbRO2_9vQrN_qfs220iyCz9,v0.3.0/U0107/kinect/depth/frames/S0500.zip,application/zip,46,0AETUctoaN1zwUk9PVA
18oarIu4NmzqD7WZyvwV8ntGYj4YAH-bF,v0.3.0/U0107/rs02/depth/frames/S0100.zip,application/zip,46,0AETUctoaN1zwUk9PVA
1yh-fPy65PhNWOQbP8oUYVIPdPvw0F-sW,v0.3.0/U0107/rs02/depth/frames/S0200.zip,application/zip,46,0AETUctoaN1zwUk9PVA
1eJFDbfpXMh0Ly5w3lIsePcCb0looK4X_,v0.3.0/U0107/rs02/depth/frames/S0300.zip,application/zip,46,0AETUctoaN1zwUk9PVA
1siGFv6yffZneGIg8DJZttNWQXNtDR-Ys,v0.3.0/U0107/rs02/depth/frames/S0400.zip,application/zip,46,0AETUctoaN1zwUk9PVA
1_5lfbEUiEmCPCdGOT9DI4w2aT-WbzZy_,v0.3.0/U0107/rs02/depth/frames/S0500.zip,application/zip,46,0AETUctoaN1zwUk9PVA
1YuiUv_dBNVjq_97TeywNsJGX7Klqr_b3,v0.3.0/U0108/kinect/depth/frames/S0100.zip,application/zip,46,0AETUctoaN1zwUk9PVA
13bMMSs48WH1cEh4th8stgxCHukyoJIlQ,v0.3.0/U0108/kinect/depth/frames/S0200.zip,application/zip,46,0AETUctoaN1zwUk9PVA
1LQLu0cHPJzymq4OO6wFaSjxsFTw_D5MF,v0.3.0/U0108/kinect/depth/frames/S0300.zip,application/zip,46,0AETUctoaN1zwUk9PVA
1hdElURfxhbNR7UQbHRZW_EUI4poGDQj6,v0.3.0/U0108/kinect/depth/frames/S0400.zip,application/zip,46,0AETUctoaN1zwUk9PVA
1PUm1qruX7lB0Y6Y3GJyon6kqY2rfvDEg,v0.3.0/U0108/kinect/depth/frames/S0500.zip,application/zip,46,0AETUctoaN1zwUk9PVA
15r329uaYK_xzGIbpEh4vNOyCgx6lqlG-,v0.3.0/U0108/rs02/depth/frames/S0100.zip,application/zip,46,0AETUctoaN1zwUk9PVA
1v4jwvuxm0yR2Cda65G5YW6iO0kdI5szB,v0.3.0/U0108/rs02/depth/frames/S0200.zip,application/zip,46,0AETUctoaN1zwUk9PVA
1EA7OZ0aMwYqlupNAaONAkaaGSKn_sDLp,v0.3.0/U0108/rs02/depth/frames/S0300.zip,application/zip,46,0AETUctoaN1zwUk9PVA
1Otiw4KsJqrxeFyUevzzRZ6KFSE4--cyc,v0.3.0/U0108/rs02/depth/frames/S0400.zip,application/zip,46,0AETUctoaN1zwUk9PVA
1Mr_CY3MnOcs98PHa_JQN_cb_HoDy_cLY,v0.3.0/U0108/rs02/depth/frames/S0500.zip,application/zip,46,0AETUctoaN1zwUk9PVA
176NHycNU57mLTuioAkVGAS588bB4GerP,v0.3.0/U0109/kinect/depth/frames/S0100.zip,application/zip,46,0AETUctoaN1zwUk9PVA
1MUg5tOjGKvD6fyENNqq_icn2khlfQ1Z-,v0.3.0/U0109/kinect/depth/frames/S0200.zip,application/zip,46,0AETUctoaN1zwUk9PVA
1Bqv-eTmjNwkJJ0U3wpPB0aAah5o4xmSR,v0.3.0/U0109/kinect/depth/frames/S0300.zip,application/zip,46,0AETUctoaN1zwUk9PVA
1jKTQ3Rt08gR-MtL2Hc2yWQuw8cbKIsfx,v0.3.0/U0109/kinect/depth/frames/S0400.zip,application/zip,46,0AETUctoaN1zwUk9PVA
1S5RJoouh-5HMP1vJLefIZsf4Rl5dLIik,v0.3.0/U0109/kinect/depth/frames/S0500.zip,application/zip,46,0AETUctoaN1zwUk9PVA
19fa1sDbNJF78G4xKRwQ-7P6flIYodhgI,v0.3.0/U0109/rs02/depth/frames/S0100.zip,application/zip,46,0AETUctoaN1zwUk9PVA
1c6-1g2fsDPd0M1uoA5pkR4yFcC2pOWul,v0.3.0/U0109/rs02/depth/frames/S0200.zip,application/zip,46,0AETUctoaN1zwUk9PVA
1gaCFVBtj7hYifQ0k7uOzX-Tbv4J9NjaW,v0.3.0/U0109/rs02/depth/frames/S0300.zip,application/zip,46,0AETUctoaN1zwUk9PVA
1BnzeV-qX0-DgWJGFrUaB3d8x5t0H5t6F,v0.3.0/U0109/rs02/depth/frames/S0400.zip,application/zip,46,0AETUctoaN1zwUk9PVA
11UqqS3J-2BQKZ4XcBTlv09Za9WrCB-4w,v0.3.0/U0109/rs02/depth/frames/S0500.zip,application/zip,46,0AETUctoaN1zwUk9PVA
1ZChPI7-u0F_CrL1ckt1JGR861wubsMtB,v0.3.0/U0110/kinect/depth/frames/S0100.zip,application/zip,45,0AETUctoaN1zwUk9PVA
15VyO4oXj52fIcr0hWOT3oaFE38R1qKxv,v0.3.0/U0110/kinect/depth/frames/S0200.zip,application/zip,45,0AETUctoaN1zwUk9PVA
1zWRrXfRilrhcY5qJPD83r8LKvgjCJr5z,v0.3.0/U0110/kinect/depth/frames/S0300.zip,application/zip,45,0AETUctoaN1zwUk9PVA
130K7RtOtqEF0ZgYRvhFfIKruhW0yh-5q,v0.3.0/U0110/kinect/depth/frames/S0400.zip,application/zip,45,0AETUctoaN1zwUk9PVA
1VhlcCMFPAvg2V3OxP8a65gdya00dB0Up,v0.3.0/U0110/kinect/depth/frames/S0500.zip,application/zip,45,0AETUctoaN1zwUk9PVA
1s7BeYhTLN53pPf74F2KnKpsmjmKp_63F,v0.3.0/U0110/rs02/depth/frames/S0100.zip,application/zip,45,0AETUctoaN1zwUk9PVA
131MwmKo3P-laTBZCm0kZf5bWp86Heelq,v0.3.0/U0110/rs02/depth/frames/S0200.zip,application/zip,45,0AETUctoaN1zwUk9PVA
15u1caAqTlOA_ya5Nqv2GsFDKprq6Xr2W,v0.3.0/U0110/rs02/depth/frames/S0300.zip,application/zip,45,0AETUctoaN1zwUk9PVA
1wrmi-0td7L7XBcY5kiu48_4MAfxHV-yN,v0.3.0/U0110/rs02/depth/frames/S0400.zip,application/zip,45,0AETUctoaN1zwUk9PVA
12lxmDVdlKissKHyavwa_mgBqzYvE_fk6,v0.3.0/U0110/rs02/depth/frames/S0500.zip,application/zip,45,0AETUctoaN1zwUk9PVA
1MXT1WabXfMQs5ZxZrYegHLKw1Nag5oT6,v0.3.0/U0111/kinect/depth/frames/S0100.zip,application/zip,45,0AETUctoaN1zwUk9PVA
1qcV5R7AHy5WgBhwp57vg6BAH9X9K8I6_,v0.3.0/U0111/kinect/depth/frames/S0200.zip,application/zip,45,0AETUctoaN1zwUk9PVA
19xxS3UPmLjQPWL6qs2p-BOxAU27LiX2R,v0.3.0/U0111/kinect/depth/frames/S0300.zip,application/zip,45,0AETUctoaN1zwUk9PVA
1XJZ2KtdUgxMEgaR2YSAYS_VFlxkCscJz,v0.3.0/U0111/kinect/depth/frames/S0400.zip,application/zip,45,0AETUctoaN1zwUk9PVA
1H-dLh6ND_Mt1EZh890sd4S8Kc8ek5qsk,v0.3.0/U0111/kinect/depth/frames/S0500.zip,application/zip,45,0AETUctoaN1zwUk9PVA
1DWB4qoeJw9FRUrwy_y0RKWzID0K-VZIL,v0.3.0/U0111/rs02/depth/frames/S0100.zip,application/zip,45,0AETUctoaN1zwUk9PVA
11GEzdeuTfitdz1pgUItijSUOGkqd01vQ,v0.3.0/U0111/rs02/depth/frames/S0200.zip,application/zip,45,0AETUctoaN1zwUk9PVA
1_oyS7PVes1WKUkd-HoLfO40J5Fs1cByi,v0.3.0/U0111/rs02/depth/frames/S0300.zip,application/zip,45,0AETUctoaN1zwUk9PVA
1U6c2u43bykvOiHywhbeziMkd66luUjOe,v0.3.0/U0111/rs02/depth/frames/S0400.zip,application/zip,45,0AETUctoaN1zwUk9PVA
1a3CeWexkrq4BVmiCYLfqVv54y5ZLS02v,v0.3.0/U0111/rs02/depth/frames/S0500.zip,application/zip,45,0AETUctoaN1zwUk9PVA
1IkW5vXJ5uAGoMFlO8ME5SIlVLeoYLBvN,v0.3.0/U0201/kinect/depth/frames/S0100.zip,application/zip,45,0AETUctoaN1zwUk9PVA
1LRyIWQaO-Jla-UR5d8fzNqkAdQdV289p,v0.3.0/U0201/kinect/depth/frames/S0200.zip,application/zip,45,0AETUctoaN1zwUk9PVA
1VwMWyt_5iRNnGW_tnz6f0xju09KsjghF,v0.3.0/U0201/kinect/depth/frames/S0300.zip,application/zip,45,0AETUctoaN1zwUk9PVA
1um1mjqGr3NiIDVGFvrifz6CRUpW1aHWk,v0.3.0/U0201/kinect/depth/frames/S0400.zip,application/zip,45,0AETUctoaN1zwUk9PVA
1sdXndH_4zrYhsq33PuBGyG8bKPKJulou,v0.3.0/U0201/kinect/depth/frames/S0500.zip,application/zip,45,0AETUctoaN1zwUk9PVA
1LiyXcUF5_NCgDKiD0ofYNwZCuRYgKzf0,v0.3.0/U0201/rs02/depth/frames/S0100.zip,application/zip,45,0AETUctoaN1zwUk9PVA
1nEzJc0WfIbs5-SDOsfE9kCOODANVAn7E,v0.3.0/U0201/rs02/depth/frames/S0200.zip,application/zip,45,0AETUctoaN1zwUk9PVA
1nwvGs2cUbMHnHB6CNnWshHeRcYtcYb9H,v0.3.0/U0201/rs02/depth/frames/S0300.zip,application/zip,45,0AETUctoaN1zwUk9PVA
1Nkyj_FY_tw5IQegI9E11WlEalVr9fT4-,v0.3.0/U0201/rs02/depth/frames/S0400.zip,application/zip,45,0AETUctoaN1zwUk9PVA
1HVxMgaDYeOmJjL2D4Bn0FpNECYO3uWmp,v0.3.0/U0201/rs02/depth/frames/S0500.zip,application/zip,45,0AETUctoaN1zwUk9PVA
15N_VVdAOLS7qUbyv9WQwPNO1YWdgx_N6,v0.3.0/U0202/kinect/depth/frames/S0100.zip,application/zip,45,0AETUctoaN1zwUk9PVA
1l0Rm1_xtfDmup_-5ynG8C0Up4px4NYL5,v0.3.0/U0202/kinect/depth/frames/S0200.zip,application/zip,45,0AETUctoaN1zwUk9PVA
1L38LFqOiq7zvt8wFb5bm9RshcIgSZU9H,v0.3.0/U0202/kinect/depth/frames/S0300.zip,application/zip,45,0AETUctoaN1zwUk9PVA
17bhBww1YiJk676LMsXXWqQPNoWrWM5tW,v0.3.0/U0202/kinect/depth/frames/S0400.zip,application/zip,45,0AETUctoaN1zwUk9PVA
1gCljAe2lZEVlqYYftQNUSkxvgiO1YItY,v0.3.0/U0202/kinect/depth/frames/S0500.zip,application/zip,45,0AETUctoaN1zwUk9PVA
1U2dPNZBvn1fMz_OQFkP7VNHF6REuIkid,v0.3.0/U0202/rs02/depth/frames/S0100.zip,application/zip,45,0AETUctoaN1zwUk9PVA
1AGdSkwW4YaymRq8M8OE7uUaQj_FOywCc,v0.3.0/U0202/rs02/depth/frames/S0200.zip,application/zip,45,0AETUctoaN1zwUk9PVA
1ioh-GYgTHOZd_Al1pvlQljsHxYwD5o7p,v0.3.0/U0202/rs02/depth/frames/S0300.zip,application/zip,45,0AETUctoaN1zwUk9PVA
1tn74icaQMgIML97omLpUfldG6EPKoUp4,v0.3.0/U0202/rs02/depth/frames/S0400.zip,application/zip,45,0AETUctoaN1zwUk9PVA
1MbE1is322ZHRszey3f6w0g4JlJvN7UUj,v0.3.0/U0202/rs02/depth/frames/S0500.zip,application/zip,45,0AETUctoaN1zwUk9PVA
17TPHAyGEAQFpdl9l3I_mU6bCr5c9rtQr,v0.3.0/U0203/kinect/depth/frames/S0100.zip,application/zip,45,0AETUctoaN1zwUk9PVA
1eUeune4_5Wa0NDjAG_gx1GnImd4FThgz,v0.3.0/U0203/kinect/depth/frames/S0200.zip,application/zip,45,0AETUctoaN1zwUk9PVA
1qH9s6H9I9TCa9TvZYeIhcXyKwpg-04FU,v0.3.0/U0203/kinect/depth/frames/S0300.zip,application/zip,45,0AETUctoaN1zwUk9PVA
1hwBz8X-7Uu86Xeld1dFJPexJTVD9SKqw,v0.3.0/U0203/kinect/depth/frames/S0400.zip,application/zip,45,0AETUctoaN1zwUk9PVA
1dDONVeBlyFE8RYF-Gsf8zmo5OSShRcJe,v0.3.0/U0203/kinect/depth/frames/S0500.zip,application/zip,45,0AETUctoaN1zwUk9PVA
1GNHnNHdZreUrsLRmPj4Isb1cfUbgkJGZ,v0.3.0/U0203/rs02/depth/frames/S0100.zip,application/zip,45,0AETUctoaN1zwUk9PVA
1rqL3Wh7BHAh-5-xH2a6OBGoNMfIrVSEQ,v0.3.0/U0203/rs02/depth/frames/S0200.zip,application/zip,45,0AETUctoaN1zwUk9PVA
1kuUMbaoczQEkeARB19bVqfYCwDxpCcpW,v0.3.0/U0203/rs02/depth/frames/S0300.zip,application/zip,45,0AETUctoaN1zwUk9PVA
1lOggBMuIYHroE7XKqjV6G01zKAUtcSg4,v0.3.0/U0203/rs02/depth/frames/S0400.zip,application/zip,45,0AETUctoaN1zwUk9PVA
1bnh3_nOP1W2GVbclXmsvLTenXMoOqTvs,v0.3.0/U0203/rs02/depth/frames/S0500.zip,application/zip,45,0AETUctoaN1zwUk9PVA
1QeuNAt7NSPvbdQK8dG1Qs1WPnb0Nw7aI,v0.3.0/U0204/kinect/depth/frames/S0100.zip,application/zip,45,0AETUctoaN1zwUk9PVA
1XDb_Yicus039Vh85YpypLo9uR3dH_cLF,v0.3.0/U0204/kinect/depth/frames/S0200.zip,application/zip,45,0AETUctoaN1zwUk9PVA
1z85bzBMJkr5aSxfP2y4X4VYgMpxjIVCa,v0.3.0/U0204/kinect/depth/frames/S0300.zip,application/zip,45,0AETUctoaN1zwUk9PVA
19zWabD1q85_PDOXV2b8-x-WBRWU5jzfI,v0.3.0/U0204/kinect/depth/frames/S0400.zip,application/zip,45,0AETUctoaN1zwUk9PVA
1EB2FQe5YU0bK8IigMzoaL23U_gGY_wQq,v0.3.0/U0204/kinect/depth/frames/S0500.zip,application/zip,45,0AETUctoaN1zwUk9PVA
1usbPyU1WrqSG9KTY-ZABCvKFEu6VxSD7,v0.3.0/U0204/rs02/depth/frames/S0100.zip,application/zip,45,0AETUctoaN1zwUk9PVA
1bt9vQHkY2GEEFGkf9GZBS1pjLdCpssie,v0.3.0/U0204/rs02/depth/frames/S0200.zip,application/zip,45,0AETUctoaN1zwUk9PVA
1CNlzGLwqAsdO9YO1WNxGC9J2qgBLUY6R,v0.3.0/U0204/rs02/depth/frames/S0300.zip,application/zip,45,0AETUctoaN1zwUk9PVA
1QK_hbHvfSW0uPoht9bTmQ1vMNz_l2w7t,v0.3.0/U0204/rs02/depth/frames/S0400.zip,application/zip,45,0AETUctoaN1zwUk9PVA
1QKUGOygiA_kkZ6vAPI7YDaIMUV0ynqEj,v0.3.0/U0204/rs02/depth/frames/S0500.zip,application/zip,45,0AETUctoaN1zwUk9PVA
1b5bywsu-2ebTT5WPvgTGOCc22hntOpVI,v0.3.0/U0205/kinect/depth/frames/S0100.zip,application/zip,45,0AETUctoaN1zwUk9PVA
1nLWvNZAlLmwsiMM-MKzvqYs7tgmpNkOx,v0.3.0/U0205/kinect/depth/frames/S0200.zip,application/zip,45,0AETUctoaN1zwUk9PVA
1v2S6axAyPyhTvOoI8_dFkN06NjBcQ1J5,v0.3.0/U0205/kinect/depth/frames/S0300.zip,application/zip,45,0AETUctoaN1zwUk9PVA
1aWRTJ1djp9kjxVcucaMncbWQndh2MnAn,v0.3.0/U0205/kinect/depth/frames/S0400.zip,application/zip,45,0AETUctoaN1zwUk9PVA
1rbSchjMDeue_sbswwMrbvvKkaeEANvoQ,v0.3.0/U0205/kinect/depth/frames/S0500.zip,application/zip,45,0AETUctoaN1zwUk9PVA
1VT_UJ_91uffyGOnnugQVK3PpEeR0Xd_q,v0.3.0/U0205/rs02/depth/frames/S0100.zip,application/zip,45,0AETUctoaN1zwUk9PVA
1HiejYbru6wCrEa3HHvzgD1XmuRg8JMP1,v0.3.0/U0205/rs02/depth/frames/S0200.zip,application/zip,45,0AETUctoaN1zwUk9PVA
1qM_GZpdf5yHWDnQdT_CugUt_u-GrIQif,v0.3.0/U0205/rs02/depth/frames/S0300.zip,application/zip,45,0AETUctoaN1zwUk9PVA
19R6ZLQWExYVAUpUWPSLreNzOTN-KDu1L,v0.3.0/U0205/rs02/depth/frames/S0400.zip,application/zip,45,0AETUctoaN1zwUk9PVA
1SxJCdq2PnYtv-XAHSgNxpCs9qhxJiyoL,v0.3.0/U0206/kinect/depth/frames/S0100.zip,application/zip,45,0AETUctoaN1zwUk9PVA
1NqwxSwucsSymBCytFaBqArymEyiN2vyl,v0.3.0/U0206/kinect/depth/frames/S0200.zip,application/zip,45,0AETUctoaN1zwUk9PVA
1B6Duhn2zX24OoLGHcC5ElSgj39dV8AUu,v0.3.0/U0206/kinect/depth/frames/S0300.zip,application/zip,45,0AETUctoaN1zwUk9PVA
16soLdbQpuVa3f6aCaFXsHY9DzWcihhp-,v0.3.0/U0206/kinect/depth/frames/S0400.zip,application/zip,45,0AETUctoaN1zwUk9PVA
1gFpK0qcTisfWamAqrtvdXMqr-TzUAqnz,v0.3.0/U0206/kinect/depth/frames/S0500.zip,application/zip,45,0AETUctoaN1zwUk9PVA
1Zs4UeIeH2oUTxrWQQAblodPmHgdRau94,v0.3.0/U0206/rs02/depth/frames/S0100.zip,application/zip,45,0AETUctoaN1zwUk9PVA
1DlU-e48s-lk-kohQJemKsxgH8L49Qdyy,v0.3.0/U0206/rs02/depth/frames/S0200.zip,application/zip,45,0AETUctoaN1zwUk9PVA
1FS4lZ-xfVxrX0y8Hfczdd15x3OorMjyU,v0.3.0/U0206/rs02/depth/frames/S0300.zip,application/zip,45,0AETUctoaN1zwUk9PVA
1f63L3TbIfixME0g8KJcQ5KUg2g4I0-aG,v0.3.0/U0206/rs02/depth/frames/S0400.zip,application/zip,45,0AETUctoaN1zwUk9PVA
19Zu_EKjPZU_n0VFLyVw0zkYyE9eLW-tS,v0.3.0/U0206/rs02/depth/frames/S0500.zip,application/zip,45,0AETUctoaN1zwUk9PVA
1IkRsAL5YRGRqtgkGEEZxTlCqap9UcDbN,v0.3.0/U0207/kinect/depth/frames/S0100.zip,application/zip,45,0AETUctoaN1zwUk9PVA
1YhQE5V0ZUaJVKiey3T4gp3d59C9SpCYA,v0.3.0/U0207/kinect/depth/frames/S0200.zip,application/zip,45,0AETUctoaN1zwUk9PVA
1wp9p4e-qvfDegJZMaPUcCp7Y6_DLQiAG,v0.3.0/U0207/kinect/depth/frames/S0300.zip,application/zip,45,0AETUctoaN1zwUk9PVA
1e-jyIupglWXbgjvGFNVBGlEHD4ZntAu7,v0.3.0/U0207/kinect/depth/frames/S0400.zip,application/zip,45,0AETUctoaN1zwUk9PVA
1PNqZKjB_effqyo46CYBnNmC6mB80_T81,v0.3.0/U0207/kinect/depth/frames/S0500.zip,application/zip,45,0AETUctoaN1zwUk9PVA
1B9SX795b54MjBYCaRaBa5eB2TUbbCF_W,v0.3.0/U0207/rs02/depth/frames/S0100.zip,application/zip,45,0AETUctoaN1zwUk9PVA
1OCJsAcS-7Of-du_DbsxRx98SdkEjrfan,v0.3.0/U0207/rs02/depth/frames/S0200.zip,application/zip,45,0AETUctoaN1zwUk9PVA
1Kn1RQTpLjQHC_0M9wzVS-PzAnLXiSMmI,v0.3.0/U0207/rs02/depth/frames/S0300.zip,application/zip,45,0AETUctoaN1zwUk9PVA
1uPblky4_8eJ0fyEPLYVS2Wlmn8XBfHwf,v0.3.0/U0207/rs02/depth/frames/S0400.zip,application/zip,45,0AETUctoaN1zwUk9PVA
163n7COWwF7CQ4m5hAR4j9CUMCSB2yLSD,v0.3.0/U0207/rs02/depth/frames/S0500.zip,application/zip,45,0AETUctoaN1zwUk9PVA
1HigOmtuX0jsudq3ITHI0k8b6k0r31gzu,v0.3.0/U0208/kinect/depth/frames/S0100.zip,application/zip,45,0AETUctoaN1zwUk9PVA
1LqhucNxoRdYngk6dOUxuso4gEN2xPWqR,v0.3.0/U0208/kinect/depth/frames/S0200.zip,application/zip,45,0AETUctoaN1zwUk9PVA
15nDSTcCOcHL2902q7vWzRnEMCDQPfX8p,v0.3.0/U0208/kinect/depth/frames/S0300.zip,application/zip,45,0AETUctoaN1zwUk9PVA
1Cp49PB2TVI37h0K9jyhQqEjaEpdtRFOf,v0.3.0/U0208/kinect/depth/frames/S0400.zip,application/zip,45,0AETUctoaN1zwUk9PVA
1cWUP9UFITa19aYvK5vkI9wyVinhQPQfu,v0.3.0/U0208/kinect/depth/frames/S0500.zip,application/zip,45,0AETUctoaN1zwUk9PVA
1BWGJnPcq53p8eQfSID2dvUHnmMoqZZYH,v0.3.0/U0208/rs02/depth/frames/S0100.zip,application/zip,45,0AETUctoaN1zwUk9PVA
15z-DLsL5AUfE41ATmYPWPbIfowWWjDVF,v0.3.0/U0208/rs02/depth/frames/S0200.zip,application/zip,45,0AETUctoaN1zwUk9PVA
1QF8wPBfOg9IwT9diU-GrbvtLcEzf1_Sh,v0.3.0/U0208/rs02/depth/frames/S0300.zip,application/zip,45,0AETUctoaN1zwUk9PVA
1bn9RRN53tda4_qRKkGbJcY8jW3Fy_3Eq,v0.3.0/U0208/rs02/depth/frames/S0400.zip,application/zip,45,0AETUctoaN1zwUk9PVA
1okezHt4TcXwMScy5wemmPzgr3lwTqAym,v0.3.0/U0208/rs02/depth/frames/S0500.zip,application/zip,45,0AETUctoaN1zwUk9PVA
1QAVw2bQL3PSRZFWx6CWkAg6b6pF4DUhG,v0.3.0/U0209/kinect/depth/frames/S0100.zip,application/zip,46,0AETUctoaN1zwUk9PVA
12e-ZqNsYiD_f5mj8l2eAuvImSl2WPIQw,v0.3.0/U0209/kinect/depth/frames/S0200.zip,application/zip,45,0AETUctoaN1zwUk9PVA
1wIR3A49XzFl449CZcAdijRqKqJYsflIt,v0.3.0/U0209/kinect/depth/frames/S0300.zip,application/zip,45,0AETUctoaN1zwUk9PVA
10fzhsbzJ3uAEBkUoI0dkhDLB9zr2L-IA,v0.3.0/U0209/kinect/depth/frames/S0400.zip,application/zip,45,0AETUctoaN1zwUk9PVA
1hjoBb0gvQrkViAbSkl-HnqnDUGLxLDzZ,v0.3.0/U0209/kinect/depth/frames/S0500.zip,application/zip,45,0AETUctoaN1zwUk9PVA
1LHP9-HBv0smUIjaX18OCcKeqEQrzdyjA,v0.3.0/U0209/rs02/depth/frames/S0100.zip,application/zip,45,0AETUctoaN1zwUk9PVA
1_C71-cTna4Sy4kBkzdSzgCdxGG-sVTNf,v0.3.0/U0209/rs02/depth/frames/S0200.zip,application/zip,45,0AETUctoaN1zwUk9PVA
1WxACm7VQPd_DqnfXLG5l3xxyPzLtj2Eq,v0.3.0/U0209/rs02/depth/frames/S0300.zip,application/zip,45,0AETUctoaN1zwUk9PVA
12-eQZtzsAQw3ErXsyPTE8EWiAg04oCiL,v0.3.0/U0209/rs02/depth/frames/S0400.zip,application/zip,45,0AETUctoaN1zwUk9PVA
13jke_pEuMq6c4J6RDHle1ktphuhcTuyi,v0.3.0/U0209/rs02/depth/frames/S0500.zip,application/zip,45,0AETUctoaN1zwUk9PVA
1GLUE-Vcm_l1KaZMSXOkhQ5aD7OoYoSTL,v0.3.0/U0210/kinect/depth/frames/S0100.zip,application/zip,46,0AETUctoaN1zwUk9PVA
1fVfhfS50RydXPSsP8ZtrI-SCjkrVRtT5,v0.3.0/U0210/kinect/depth/frames/S0200.zip,application/zip,45,0AETUctoaN1zwUk9PVA
1sFLHoN_NmqtNBO9es67-i9vjDetyRQ8E,v0.3.0/U0210/kinect/depth/frames/S0300.zip,application/zip,45,0AETUctoaN1zwUk9PVA
14nEtzH30pKyYw49NKvCTK3QVeOCtD5k3,v0.3.0/U0210/kinect/depth/frames/S0400.zip,application/zip,45,0AETUctoaN1zwUk9PVA
11qHgWUxSoeM-N5W15z230UJisAADnaEM,v0.3.0/U0210/kinect/depth/frames/S0500.zip,application/zip,45,0AETUctoaN1zwUk9PVA
1TS0cxpMLyVax4SC4FP8seC05XC2oK6io,v0.3.0/U0210/rs02/depth/frames/S0100.zip,application/zip,45,0AETUctoaN1zwUk9PVA
1DjGvOIHDN-cUr8yxmNGTBB-l5UNtPzX7,v0.3.0/U0210/rs02/depth/frames/S0400.zip,application/zip,45,0AETUctoaN1zwUk9PVA
1vKeZKdwi8BLkJ4bsfK-7440hhSjg3ATt,v0.3.0/U0210/rs02/depth/frames/S0500.zip,application/zip,46,0AETUctoaN1zwUk9PVA
